<?xml version="1.0" encoding="utf-8"?>
<provider>
	<api flags="no_browser"/>
	<id version="1">ab-</id>
	<name></name>
	<description html="true"><![CDATA[
	<p>Предоставляет информацию о балансе, бонусных баллах, использованных минутах на локальные, мобильные и любимые номера, расходах, статусе блокировки, кредите, номере лицевого счета, ежемесячой плате.
	</p>
	<p>Информация берется из PDA версии интернет-помощника (http://ip.mts.ru/SELFCAREPDA), из обычного интернет-помощника (http://ihelper.mts.ru/selfcare) и из личного кабинета МТС (http://lk.ssl.mts.ru).
	</p>

	<b>Особенности:</b>
	<ul>
		<li>Счетчики "Расход за прошлый месяц" и "Ежемесячная плата" доступны только при использовании мобильного интернет помощника.</li>
		<li>Счетчик "Бонусные баллы" доступнен только при использовании Личного Кабинета МТС.</li>
		<li>Если получение данных настроено через интернет-помощник, рекомендуется устанавливать в настройках свой регион явно. Это экономит трафик и не зависит от поведения московского интернет-помощника.</li>
	</ul>
	]]></description>
	<instruction html="true"><![CDATA[
	<p>Если у вас нет доступа в Личный кабинет, получите его на странице https://login.mts.ru/amserver/password</p>
	<p>Если у вас нет доступа в Интернет-Помощник, необходимо:</p>
	<ol>

	<li>Подключить услугу &laquo;Интернет-Помощник&raquo; со своего мобильного телефона: наберите *111*23# и следуйте подсказкам системы;</li>

	<li>Установить пароль: со своего мобильного телефона (или в программе МТС-Коннект) отправьте смс с текстом [25 пробел ваш пароль] на номер 111;<br />
		   <small>Длина пароля должна быть от 6 до 10 символов.<br />
		   Пароль обязательно должен содержать не менее одной цифры, одной строчной и одной заглавной латинской буквы.</small></li>
	</ol>
	]]></instruction>
	<author>Dmitry Kochin &lt;dco@mail.ru&gt;</author>
	<files>
		<icon>icon.png</icon>
		<preferences>preferences.xml</preferences>
		<js>library.js</js>
		<js>main.js</js>
		<history>history.xml</history>
	</files>
	<counters>
		<counter id="balance" name="Баланс" units=" р"/>
		<counter id="fio" name="ФИО" type="text"/>
		<counter id="status" name="Статус" type="text"/>
		<counter id="phone" name="Телефон" type="text"/>
	</counters>
	<keywords></keywords>
	<type></type>
	<country>ru</country>
</provider>